Lag,ACF,CI_lower,CI_upper
0,1.0,1.0,1.0
1,0.9791567216831655,0.949821728066089,1.008491715300242
2,0.9620156439689781,0.9119094845687128,1.0121218033692434
3,0.951681322515631,0.8876231801934251,1.0157394648378368
4,0.9408190215299752,0.8655712539413949,1.0160667891185555
5,0.9324475909826266,0.8476795115160665,1.0172156704491868
6,0.9258406258014331,0.8326631705528145,1.0190180810500518
7,0.917177602564613,0.8163940811876872,1.0179611239415387
8,0.9103300888441164,0.8026030301057525,1.0180571475824802
9,0.905465333160366,0.7913102511625386,1.0196204151581933
10,0.9020869731423037,0.7819102562426267,1.0222636900419806
11,0.8983670393131439,0.7724980839724762,1.0242359946538115
12,0.8915386506691075,0.760267871460188,1.022809429878027
13,0.8864906422543845,0.7501088045735534,1.0228724799352154
14,0.8840753851917401,0.7428219030195593,1.025328867363921
15,0.8786001124956725,0.7326627053376472,1.0245375196536979
16,0.8733356038256964,0.7229152029839645,1.0237560046674283
17,0.8702955568316842,0.7155732459751546,1.0250178676882138
18,0.8654885818928615,0.7066094864138293,1.0243676773718937
19,0.8615479828647874,0.6986621947076991,1.0244337710218756
20,0.858263208938796,0.6915020622322603,1.0250243556453318
21,0.8545373307114367,0.6840173688661572,1.0250572925567163
22,0.8498012532099877,0.6756350931547626,1.0239674132652128
23,0.8453989623404923,0.6677004737464847,1.0230974509344999
24,0.8421360659372337,0.6610095622262075,1.0232625696482598
25,0.8376898775764844,0.6532247287704304,1.0221550263825385
26,0.8332475240649125,0.6455373287298475,1.0209577193999775
27,0.8282918549088315,0.6374252304863091,1.019158479331354
28,0.8224602108818578,0.6285250471464648,1.016395374617251
29,0.817401745976546,0.6204879095758133,1.0143155823772787
30,0.8122700237734619,0.6124576280298961,1.0120824195170277
31,0.8092326332378181,0.60659864162419,1.0118666248514463
32,0.8048451142382614,0.5994489140566428,1.01024131441988
33,0.7998676492516775,0.5917751814019148,1.0079601171014403
34,0.7965361313702146,0.5858145038236695,1.0072577589167597
35,0.7922571024919354,0.578960173394953,1.0055540315889178
36,0.7874511929881529,0.5716367939445626,1.0032655920317433
37,0.7842863644349092,0.5660134541800838,1.0025592746897347
38,0.7808163031508223,0.560131662281513,1.0015009440201315
39,0.7759594791374419,0.5529101328689496,0.9990088254059342
40,0.7707962654987408,0.5454358920161468,0.9961566389813348
41,0.7669377319096468,0.5393199820949022,0.9945554817243913
42,0.7627427992007357,0.5329120565874608,0.9925735418140107
43,0.7575049775739299,0.5255061490515757,0.9895038060962841
44,0.7532616250652077,0.5191440520405741,0.9873791980898412
45,0.7494899819312693,0.5132960231079963,0.9856839407545422
46,0.7459039106339178,0.5076721337055539,0.9841356875622818
47,0.7426881491277736,0.5024550468550892,0.9829212514004579
48,0.7398696709064478,0.49766878617865806,0.9820705556342376
49,0.7358115203982706,0.4916734405089008,0.9799496002876403
50,0.7310871307238856,0.4850480509644661,0.9771262104833052
51,0.7283726133281756,0.4804711651074282,0.9762740615489229
52,0.7261435511149811,0.4764072725648858,0.9758798296650764
53,0.7228160390046848,0.47126940414645596,0.9743626738629136
54,0.720094113793327,0.46676643645159904,0.9734217911350549
55,0.7188837619148448,0.46380072609881406,0.9739667977308756
56,0.716125636804335,0.4593050756029931,0.972946198005677
57,0.7118259247313585,0.4532926885464953,0.9703591609162218
58,0.708884552753105,0.4486702166906976,0.9690988888155124
59,0.7051878623865071,0.44331694944917666,0.9670587753238375
60,0.7011747101392427,0.43767470516620255,0.9646747151122829
61,0.6977223994969513,0.4326216328183947,0.9628231661755078
62,0.6938253696408109,0.42714903301234775,0.960501706269274
63,0.6890422930171534,0.42081703829403433,0.9572675477402723
64,0.6851593079076559,0.4154151288149985,0.9549034870003132
65,0.6824197167660679,0.41118204731851654,0.9536573862136193
66,0.6787304160810979,0.406019257021905,0.9514415751402907
67,0.6731359611581021,0.39897499298242867,0.9472969293337756
68,0.6686825106389344,0.3931029755003865,0.9442620457774822
69,0.6641605805689211,0.3871883090591087,0.9411328520787335
70,0.6595398675719695,0.38120046114171513,0.9378792740022238
71,0.6549284568454956,0.3752474166342798,0.9346094970567114
72,0.6512438580887667,0.37024615187985727,0.9322415642976762
73,0.6469786668922789,0.3646851061434867,0.9292722276410711
74,0.643401704528011,0.3598350138581934,0.9269683951978287
75,0.6405748762091934,0.35575469123563064,0.9253950611827562
76,0.6374631642043862,0.3514058960464206,0.9235204323623518
77,0.6350179318401376,0.3477408199613666,0.9222950437189086
78,0.6326269535791881,0.3441444373320168,0.9211094698263593
79,0.6295655420782915,0.3398916411154264,0.9192394430411566
80,0.6270278543816408,0.3361788812110305,0.9178768275522511
81,0.6230576528054992,0.33104773306569524,0.9150675725453031
82,0.6179268579994556,0.32477515774395266,0.9110785582549585
83,0.614055982798549,0.31978555113522544,0.9083264144618726
84,0.6091751475062714,0.313804114825688,0.9045461801868548
85,0.6053308816001292,0.30888066419100396,0.9017810990092543
86,0.6023884833155407,0.3048764998313807,0.8999004667997008
87,0.5985373454069125,0.29997761402435763,0.8970970767894674
88,0.5959432356885752,0.29635270480278125,0.8955337665743692
89,0.5952266517792927,0.29461772606993614,0.8958355774886493
90,0.5932739271538368,0.29165248036174174,0.8948953739459318
91,0.5914695640443439,0.28884558317363934,0.8940935449150484
92,0.5897910413275359,0.28617389547167477,0.893408187183397
93,0.5874982763063461,0.2828968052012235,0.8920997474114687
94,0.5856436196335493,0.28006859527813327,0.8912186439889653
95,0.5840168606238736,0.2774774828458056,0.8905562384019416
96,0.581594254103888,0.27409887211343825,0.8890896360943377
97,0.5799594298059565,0.2715188849082758,0.8883999747036372
98,0.5770358417373803,0.26765830328317214,0.8864133801915886
99,0.5739474935058462,0.2636451713036645,0.8842498157080279
100,0.5712701505208823,0.2600556212974774,0.8824846797442871
